<?xml version="1.0" encoding="UTF-8"?>
<programs>
<!--    <program name="Blend3">
        <shaders>
            <shader type="vertex"   name="normal.vert"/>
            <shader type="fragment" name="blend3.frag"/>
        </shaders>
        <uniformBlocks>
            <uniformBlock name="colorVec">
                <uniform name="red" value="1.0 0.0 0.0" />
                <uniform name="green" value="0.0 2.0 0.0" />
                <uniform name="blue" value="0.0 0.0 3.0" />
            </uniformBlock>
        </uniformBlocks>        
    </program>-->
<!--    <program name="BillBoarding">
        <shaders>
            <shader type="vertex"   name="billboard.vert"/>
            <shader type="fragment" name="normal.frag"/>
        </shaders>
        <uniforms>
            <uniform name="hola" value=" "/>
        </uniforms>
    </program>
    <program name="Painting">
        <shaders>
            <shader type="vertex"   name="paint.vert"/>
            <shader type="fragment" name="paint.frag"/>
        </shaders>
    </program>-->
    <program name="ColorPainting">
        <shaders>
            <shader type="vertex"   name="paint.vert"/>
            <shader type="fragment" name="colorpaint.frag"/>
        </shaders>
    </program>
    <program name="iColorPainting">
        <shaders>
            <shader type="vertex"   name="paint.vert"/>
            <shader type="fragment" name="icolorpaint.frag"/>
        </shaders>
    </program>
    <program name="uColorPainting">
        <shaders>
            <shader type="vertex"   name="paint.vert"/>
            <shader type="fragment" name="ucolorpaint.frag"/>
        </shaders>
    </program>
    <program name="DataReading">
        <shaders>
            <shader type="vertex"   name="depth.vert"/>
            <shader type="fragment" name="dataread.frag"/>
        </shaders>
    </program>
    <program name="iDataReading">
        <shaders>
            <shader type="vertex"   name="depth.vert"/>
            <shader type="fragment" name="idataread.frag"/>
        </shaders>
    </program>
    <program name="uDataReading">
        <shaders>
            <shader type="vertex"   name="depth.vert"/>
            <shader type="fragment" name="udataread.frag"/>
        </shaders>
    </program>    
    <program name="DataErasing">
        <shaders>
            <shader type="vertex"   name="paint.vert"/>
            <shader type="fragment" name="dataerase.frag"/>
        </shaders>
    </program>
    <program name="EraseDilation">
        <shaders>
            <shader type="vertex"   name="dilation.vert"/>
            <shader type="fragment" name="erasedilation.frag"/>
        </shaders>
    </program>  
    <program name="Depth">
        <shaders>
            <shader type="vertex"   name="depth.vert"/>
            <shader type="fragment"   name="depth.frag"/>
        </shaders>
    </program>
    <program name="PaintTool">
        <shaders>
            <shader type="vertex"   name="painttool.vert"/>
            <shader type="fragment"   name="painttool.frag"/>
        </shaders>
    </program>
    <program name="Font">
        <shaders>
            <shader type="vertex"   name="painttool.vert"/>
            <shader type="fragment"   name="font.frag"/>
        </shaders>
    </program>    
    <program name="ProjectiveTex">
        <shaders>
            <shader type="vertex"   name="proj.vert"/>
            <shader type="fragment"   name="proj.frag"/>
        </shaders>
    </program>
    <program name="DepthTex">
        <shaders>
            <shader type="vertex"   name="depthTex.vert"/>
            <shader type="fragment"   name="depthTex.frag"/>
        </shaders>
    </program>       
    <program name="SeamMask">
        <shaders>
            <shader type="vertex"   name="seamMask.vert"/>
            <shader type="fragment"   name="seamMask.frag"/>
        </shaders>
    </program>
    <program name="Dilation">
        <shaders>
            <shader type="vertex"   name="dilation.vert"/>
            <shader type="fragment"   name="dilation.frag"/>
        </shaders>
    </program>
    <program name="iDilation">
        <shaders>
            <shader type="vertex"   name="dilation.vert"/>
            <shader type="fragment"   name="idilation.frag"/>
        </shaders>
    </program>
    <program name="uDilation">
        <shaders>
            <shader type="vertex"   name="dilation.vert"/>
            <shader type="fragment"   name="udilation.frag"/>
        </shaders>
    </program>
    <program name="ViewTex">
        <shaders>
            <shader type="vertex"   name="viewtex.vert"/>
            <shader type="fragment"   name="viewtex.frag"/>
        </shaders>
    </program>      
    <program name="AreaPerPixel">
        <shaders>
            <shader type="vertex"   name="areaperpixel.vert"/>
            <shader type="geometry"   name="areaperpixel.geom"/>
            <shader type="fragment"   name="areaperpixel.frag"/>
        </shaders>
    </program>    
</programs>    
